,Filtro(X),Filtro(Y)
0,5.0,-18.0
1,5.18399,-19.008
2,5.18396,-19.008
3,4.14719,-18.6624
